{
  "users": [
    {
      "id": 2,
      "name": "Tùng",
      "email": "tung@example.com",
      "phone": "091912345672"
    },
    {
      "id": 3,
      "name": "Tú",
      "email": "tu@example.com",
      "phone": "091912345674"
    },
    {
      "name": "Christina",
      "email": "na@emxample.com",
      "phone": "091912347815",
      "id": 4
    },
    {
      "name": "Hana",
      "email": "hana@example.com",
      "phone": "0786786699",
      "id": 5
    },
    {
      "name": "Nanaliuschuang",
      "email": "nanaliuschuang@gmail.com",
      "phone": "9008080--0",
      "id": 6
    }
  ]
}