[
    {
        "id" : 1,
        "img": "./assets/img/1.jpg",
        "label": "Beautiful in white",
        "author": "Shane Filan",
        "url": "./assets/audio/song1.mp3",
        "artist": "./assets/img/artist1.jpg",
        "category": "Nhạc Âu Mỹ"
    },
    {
        "id" : 2,
        "img": "./assets/img/2.jpg",
        "label": "Động cơ tình yêu",
        "author": "Vương Hân Vũ",
        "url": "./assets/audio/song2.mp3",
        "artist": "./assets/img/artist2.jpg",
        "category": "Nhạc Hoa"
    },
    {
        "id" : 3,
        "img": "./assets/img/3.jpg",
        "label": "Dũng khí",
        "author": "Hân tử",
        "url": "./assets/audio/song3.mp3",
        "artist": "./assets/img/artist3.jpg",
        "category": "Nhạc Hoa"
    },
    {
        "id": 4,
        "img": "./assets/img/4.jpg",
        "label": "Như những phút ban đầu",
        "author": "Hoài Lâm",
        "url": "./assets/audio/song4.mp3",
        "artist": "./assets/img/artist4.jpg",
        "category": "Nhạc Việt"
    },
    {
        "id": 5,
        "img": "./assets/img/5.jpg",
        "label": "Giá ngày đầu đừng nói thương nhau",
        "author": "Jakki",
        "url": "./assets/audio/song5.mp3",
        "artist": "./assets/img/artist5.jpg",
        "category": "Nhạc Việt"
    }
    ,
    {
        "id": 6,
        "img": "./assets/img/6.jpg",
        "label": "NHỮNG LỜI DỐI GIAN ",
        "author": "VICKY NHUNG x LONG REX",
        "url": "./assets/audio/song6.mp3",
        "artist": "./assets/img/artist6.jpg",
        "category": "Nhạc Việt"
    },
    {
        "id": 7,
        "img": "./assets/img/7.jpg",
        "label": "A$AP Ferg",
        "author": "Plain Jane ft. Nicki Minaj",
        "url": "./assets/audio/song7.mp3",
        "artist": "./assets/img/artist7.jpg",
        "category": "Nhạc Âu Mỹ"
    },
    {
        "id": 8,
        "img": "./assets/img/8.jpg",
        "label": "De Yang Gatal Gatal Sa",
        "author": "Mirriam Eka vs Reza",
        "url": "./assets/audio/song8.mp3",
        "artist": "./assets/img/artist8.jpg",
        "category": "Nhạc Âu Mỹ"
    },
    {
        "id": 9,
        "img": "./assets/img/9.jpg",
        "label": "Take Me To Your Heart",
        "author": "Michael Learns To Rock",
        "url": "./assets/audio/song9.mp3",
        "artist": "./assets/img/artist11.jpg",
        "category": "Nhạc Âu Mỹ"
    },
    {
        "id": 10,
        "img": "./assets/img/10.jpg",
        "label": "Give It To Me",
        "author": "DJ抖音版 - Aa Boom",
        "url": "./assets/audio/song10.mp3",
        "artist": "./assets/img/artist9.jpg",
        "category": "Nhạc Âu Mỹ"
    },
    {
        "id": 11,
        "img": "./assets/img/11.jpg",
        "label": "Bleeding love",
        "author": "Leona Lewis",
        "url": "./assets/audio/song11.mp3",
        "artist": "./assets/img/artist10.jpg",
        "category": "Nhạc Âu Mỹ"
    },
    {
        "id":12,
        "img": "./assets/img/12.jpg",
        "label": "Horang Suwolga- 호랑수월가 - 상록수",
        "author": " 나래(Narae)",
        "url": "./assets/audio/song12.mp3",
        "artist": "./assets/img/artist12.jpg",
        "category": "Nhạc Hàn"
    },
    {
        "id": 13,
        "img": "./assets/img/13.jpg",
        "label": "Yêu rồi (恋爱啦)",
        "author": "Ngải Thần",
        "url": "./assets/audio/song13.mp3",
        "artist": "./assets/img/artist13.jpg",
        "category": "Nhạc Hoa"
    },
    {
        "id": 14,
        "img": "./assets/img/blg.webp",
        "label": "Pink Venom",
        "author": "Blackpink",
        "url": "./assets/audio/blackpink.mp3",
        "artist": "./assets/img/blackpink.png",
        "category": "Nhạc Hàn"
    },
    {
        "id": 15,
        "img": "./assets/img/14.jpg",
        "label": "Rung Động",
        "author": "Dương Edward",
        "url": "./assets/audio/song14.mp3",
        "artist": "./assets/img/artist14.jpg",
        "category": "Nhạc Việt"
    },
    {
        "id": 16,
        "img": "./assets/img/15.jpg",
        "label": " 'GOOD BOY '+ 'FANTASTIC BABY'",
        "author": "GD X TAEYANGd",
        "url": "./assets/audio/song15.mp3",
        "artist": "./assets/img/artist15.jpg",
        "category": "Nhạc Hàn"
    },
    {
        "id": 17,
        "img": "./assets/img/16.jpg",
        "label": "学猫叫",
        "author": "Tiểu Phan Phan ft Tiểu Phong Phong",
        "url": "./assets/audio/song16.mp3",
        "artist": "./assets/img/artist16.jpg",
        "category": "Nhạc Hoa"
    },
    {
        "id": 18,
        "img": "./assets/img/17.jpg",
        "label": "1 Phút",
        "author": "Andiez",
        "url": "./assets/audio/song17.mp3",
        "artist": "./assets/img/artist17.jpg",
        "category": "Nhạc Việt"
    },
    {
        "id": 19,
        "img": "./assets/img/18.jpg",
        "label": "No One Else",
        "author": "Lee Seung Chul",
        "url": "./assets/audio/song18.mp3",
        "artist": "./assets/img/artist18.jpg",
        "category": "Nhạc Hàn"
    }
]