[{
    "name": "Báng gạo",
    "image": "assets/1.jpg",
    "price": "25 $",
    "description": "Giá rẻ"
  },
  {
    "name": "Báng ngọt",
    "image": "assets/2.jpg",
    "price": "65 $",
    "description": "Giá rẻ"
  },
  {
    "name": "Báng ngũ cốc",
    "image": "assets/3.jpeg",
    "price": "40 $",
    "description": "Giá rẻ"
  },
  {
    "name": "Báng mỳ kẹp",
    "image": "assets/4.png",
    "price": "15 $",
    "description": "Giá rẻ"
  },
  {
    "name": "Báng mỳ kẹp",
    "image": "assets/4.png",
    "price": "23 $",
    "description": "Nhiều thịt đầy đủ chất dinh dưỡng"
  },
  {
    "name": "Báng kem",
    "image": "assets/5.jpg",
    "price": "45 $",
    "description": "Ngon ngọt"
  }
]